TXN037,2026-10-02 11:02:00,ACC527,ACC528,74125,DEV37,DEV38,10.0.37,10.0.38
TXN038,2026-10-02 11:04:00,ACC528,ACC529,78952,DEV38,DEV39,10.0.38,10.0.39
TXN039,2026-10-02 11:06:00,ACC529,ACC530,7451,DEV39,DEV40,10.0.39,10.0.40
TXN040,2026-10-02 11:08:00,ACC530,ACC531,8520,DEV40,DEV41,10.0.40,10.0.41
TXN041,2026-10-02 11:10:00,ACC531,ACC532,9630,DEV41,DEV42,10.0.41,10.0.42
TXN042,2026-10-02 11:12:00,ACC532,ACC533,74102,DEV42,DEV43,10.0.42,10.0.43
TXN043,2026-10-02 11:14:00,ACC533,ACC534,4561,DEV43,DEV44,10.0.43,10.0.44
TXN044,2026-10-02 11:16:00,ACC534,ACC535,78955,DEV44,DEV45,10.0.44,10.0.45
TXN045,2026-10-02 11:18:00,ACC535,ACC536,12304,DEV45,DEV46,10.0.45,10.0.46
TXN046,2026-10-02 11:20:00,ACC536,ACC537,74125,DEV46,DEV47,10.0.46,10.0.47
TXN047,2026-10-02 11:22:00,ACC537,ACC538,74125,DEV47,DEV48,10.0.47,10.0.48
TXN048,2026-10-02 11:24:00,ACC538,ACC539,7411,DEV48,DEV49,10.0.48,10.0.49
TXN049,2026-10-02 11:26:00,ACC539,ACC540,7455,DEV49,DEV50,10.0.49,10.0.50
TXN050,2026-10-02 11:28:00,ACC540,ACC541,45125,DEV50,DEV51,10.0.50,10.0.51